feature,shap_importance
Signal_74,0.018970809090033503
Signal_33,0.014844321562839798
Signal_71,0.01137526592078213
Signal_45,0.008808721314842434
Signal_9,0.005133891907204389
Signal_47,0.0026054359303199054
Signal_10,0.0023851867385188247
Signal_1,0.0
Signal_66,0.0
Signal_73,0.0
Signal_72,0.0
Signal_70,0.0
Signal_69,0.0
Signal_68,0.0
Signal_67,0.0
Signal_63,0.0
Signal_65,0.0
Signal_64,0.0
Signal_76,0.0
Signal_62,0.0
Signal_61,0.0
Signal_60,0.0
Signal_59,0.0
Signal_58,0.0
Signal_57,0.0
Signal_56,0.0
Signal_75,0.0
Signal_77,0.0
Signal_54,0.0
Signal_78,0.0
Signal_99,0.0
Signal_98,0.0
Signal_97,0.0
Signal_96,0.0
Signal_95,0.0
Signal_94,0.0
Signal_93,0.0
Signal_92,0.0
Signal_91,0.0
Signal_90,0.0
Signal_89,0.0
Signal_88,0.0
Signal_87,0.0
Signal_86,0.0
Signal_85,0.0
Signal_84,0.0
Signal_83,0.0
Signal_82,0.0
Signal_81,0.0
Signal_80,0.0
Signal_79,0.0
Signal_55,0.0
Signal_51,0.0
Signal_53,0.0
Signal_15,0.0
Signal_24,0.0
Signal_23,0.0
Signal_22,0.0
Signal_21,0.0
Signal_20,0.0
Signal_19,0.0
Signal_18,0.0
Signal_17,0.0
Signal_16,0.0
Signal_14,0.0
Signal_26,0.0
Signal_13,0.0
Signal_12,0.0
Signal_11,0.0
Signal_8,0.0
Signal_7,0.0
Signal_6,0.0
Signal_5,0.0
Signal_4,0.0
Signal_3,0.0
Signal_25,0.0
Signal_27,0.0
Signal_52,0.0
Signal_40,0.0
Signal_2,0.0
Signal_50,0.0
Signal_49,0.0
Signal_48,0.0
Signal_46,0.0
Signal_44,0.0
Signal_43,0.0
Signal_42,0.0
Signal_41,0.0
Signal_39,0.0
Signal_28,0.0
Signal_38,0.0
Signal_37,0.0
Signal_36,0.0
Signal_35,0.0
Signal_34,0.0
Signal_32,0.0
Signal_31,0.0
Signal_30,0.0
Signal_29,0.0
Signal_100,0.0
